Etymon pt-PT	Etymon pt-PT Note	Etymology Free	Headword	Transliteration	Headword Hindi	Part of Speech	Pronunciation	Sense (Wiktionary)	Gender	Headword (Ur)	urTenTen18	urTenTen18 Relative
achar		achar (Source: Dalgado)	اچار	ācār	अचार	noun	(Standard Urdu) IPA(key): /ə.t͡ʃɑːɾ/	pickle	m.	اچار	441	1.61
agosto	August	agosto (Source:  W)	اگست	agast	अगस्त	noun	(Standard Urdu) IPA(key): /ə.ɡəst̪/	August	m.	اگست	26,735	97.84
aia	ayah		آیا‎	āyā	आया	noun	(Standard Urdu) IPA(key): /ɑː.jɑː/	ayah: nurse maid, nurse	f.	آیا‎	0	
alfinete	alfinete ( ← A.): ? × pin (English); pin		آلپین	ālpin	आलपीन	noun			m.	آلپین	1	< 0.01
ananás	pineapple	ananás (Source: Dalgado)	انناس	anannās	अनन्नास	noun		pineapple (fruit)		انناس	309	1.13
anis		? anis (Source: Dalgado); Greek ἄνισον  (Source: Dalgado) ; Latin anisum  (Source: Dalgado)	اَنِیسُون	anīsun	अनीसून					اَنِیسُون	14	0.05
armário	cupboard; wardrobe	armário (Source: Dalgado)	اَلْماری	almārī	अलमारी	noun	(Standard Urdu) IPA(key): /əl.mɑː.ɾiː/	cupboard, shelf; almirah	f.	اَلْماری	1,226	4.49
arrátel		arrátel (Source: Dalgado); Arabic rat̤l (Source: McGregor)	رطل	ratal	रतल	noun		1. (units of measurement) pound 2. a pound weight 3. ( units of measurement) a pint	m.	رطل	53	0.19
bafo		? bafo (Source: Dalgado); Sanksrit वाष्प  (Source: Dalgado)	بھاپ	bhāp	भाप	noun	(Standard Urdu) IPA(key): /bʱɑːp/	1. hot breath; exhalation  2. steam, water vapour 3. vapour, gas	m.	بھاپ	645	2.36
baixel		? baixel (Source: Dalgado); Arabic بغلة  (Source: Dalgado)	بجرا	bajrā	बजरा	noun			m.	بجرا	35	0.13
balde	bucket	balde (Source: Dalgado)	بالٹی	bālṭī	बालटी	noun		bucket	f.	بالٹی	806	2.95
basta		basta (Source: Dalgado); Persian بس  (Source: Dalgado; Wiktionary; McGregor)	بس	bas	बस	adj.	(Standard Urdu) IPA(key): /bəs/	enough, ample		بس	77,433	283.38
beringela		beringela (Source: Dalgado); Prakrit 𑀯𑀸𑀇𑀁𑀕𑀡  from Sanskrit वङ्गन  (Source: Wiktionary);  Persian بادنجان  (Source: Soares,  Wiktionary) 	بینگن	baingan	बैंगन				m.	بینگن	391	1.43
biscoito		biscoito (Source: Dalgado); English biscuit (Source: Wiktionary)	بسکٹ	biskut	बिस्कुट	noun		biscuit, cookie	m.	بسکٹ	834	3.05
bomba		bomba (Source: Dalgado)	بمبہ	bamba	बंबा	noun		1. pump; water pump 2. channel, narrow river, creek	m.	بمبہ	0	
bomba			بمبہ	bomba	बंबा	noun		1. pump; water pump 2. channel, narrow river, creek	m.		0	
botão		botão (Source: Dalgado); English button (Source: Dasa)	بٹن	batan	बटन	noun	(Standard Urdu) IPA(key): /bə.ʈən/	button	m.	بٹن	5,675	20.77
botelha	bottle	? botelha (Source: Dalgado); English bottle (Source: Dalgado)	بوتَل	botal	बोतल	noun	(Standard Urdu) IPA(key): /boː.t̪əl/	1. bottle  2. (euphemistic) wine bottle	f.	بوتل	3,173	11.61
câmara		câmara (Source: Dalgado)	کمرہ 	kamra	कमरा	noun	(Standard Urdu) IPA(key): /kəm.ɾɑ(ː)/	1. room, chamber 2. compartment (of an aeroplane or train)	m.	کمرہ	20,964	76.72
camisa		camisa (Source: Dalgado); Persian قمیص  (Source: Wiktionary); Arabic (Source: Dalgado)	قمیض	qamīs	क़मीज़	noun	(Standard Urdu) IPA(key): /qə.miːz/	1. shirt 2. garment	m.	قمیض	1,257	4.6
capitão		capitão (Source: Dalgado); English Captain (Source: Wiktionary)	کپتان	kaptān	कप्तान	noun	(Standard Urdu) IPA(key): /kəp.t̪ɑːn/	1.captain 2. skipper	m.	کپتان	18,562	67.93
cartucho		? cartucho (Source: Dalgado); French cartouche (Source: McGregor)	کارتوس	kāratus	कारतूस	noun			m.	کارتوس	672	2.46
casa		casa (Source: Dalgado); Sanskrit काचः 'a loop' (Source: Platts)	کاج	kāj	काज	noun			m.	کاج	N	N
católico		católico (Source: Dalgado); English Catholic (Source: Dalgado, Wiktionary)	کیتھولک	katholik	कैथोलिक	noun	(Standard Urdu) IPA(key): /kɛː.t̪ʰoː.lɪk/	a Roman Catholic	m.	کیتھولک	1,300	4.76
chá		chá (Source: Dalgado); Persian [P. cāʾe] (Source: McGregor)	چائے	cāy	चाय	noun	(Standard Urdu) IPA(key): /t͡ʃɑː.eː/	tea	f.	چائے	12,222	44.73
chapa		? chapa (Source: Dalgado)	چھاپہ		छापा					چھاپہ	N	
chave		chave (Source: Dalgado)	چابی	cābī	चाबी	noun	(Standard Urdu) IPA(key): /t͡ʃɑː.biː/	key (object for opening and closing a lock)	f.	چابی	1,799	6.58
chave		chave (Source: Dalgado)	چابھی	cābhī	चाभी	noun	(Standard Urdu) IPA(key): /t͡ʃɑː.bʱiː/	key (object for opening and closing a lock)	f.	چابی	7.52	
cocheiro		cocheiro (Source: Dalgado); English coachman (Source: Dalgado)	کوچبان	kochavān	कोचवान	noun			m.	کوچبان	3	0.01
coronel		coronel (Source: Dalgado); English colonel (Source: D, Wiktionary)	کرنل	karnal	कर्नल	noun			m.	کرنل	6,681	24.45
couve		couve (Source: Dalgado); Sanksrit गोजीह्विका (Source: Wiktionary)	گوبھی	gobhī	गोभी	noun	(Standard Urdu) IPA(key): /ɡoː.bʱiː/	cauliflower	f.	گوبھی	744	2.72
cristão	cristão; × H. musalmān, P. naṣrān		کرستان	kristān	क्रिस्तान	noun			m.	کِرِسْتانی	0	
dezembro	December	English December (Source: McGregor)	دسمبر	disambar	दिसंबर	noun	(Standard Urdu) IPA(key): /d̪ɪ.səm.bəɾ/		m.	دسمبر	26,714	97.77
espada	steel	espada (Source: Dalgado)	اسپات 	 ispāt'	इस्पात	noun	(Standard Urdu) IPA(key): /ɪs.pɑːt̪/	steel	m.	اسپات	7	0.03
estábulo	estábulo; A. ist̤abal: ← L., Gk	estábulo  (Source: McGregor); Arabic ist̤abal (Source: McGregor)	اَصْطَبَل	astabal	अस्तबल	noun	(Standard Urdu) IPA(key): /əs.t̪ə.bəl/	stable, mew, stall	m.	اصطبل	283	1.04
estirar		estirar (Source: Dalgado)	استری	istrī	इस्तरी	noun	(Standard Urdu) IPA(key): /ɪs.t̪ɾiː/	iron, clothes iron	f.	استری	515	1.88
falto		falto (Source: Dalgado)	فالتو	fāltū	फ़ालतू	adj.	(Standard Urdu) IPA(key): /fɑːl.t̪uː/	surplus, spare, extra, additional, useless		فالتو	0	0
fita		fita (Source: Dalgado)	فيتہ	fītā	फ़ीता	noun			m.		0	0
gudão		gudão (Source: Dalgado); Bengali gudām  (Source: Wiktionary, McGregor)	گودام	godām	गोदाम	noun		warehouse, storeroom, storage, cellar	m.	گودام	1,267	4.64
hospital		espital (Source: Wiktionary); English hospital (Source: McGregor)	اَسْپَتال	aspatāl	अस्पताल	noun	(Standard Urdu) IPA(key): /əs.pə.t̪ɑːl/	hospital	m.	اسپتال	22,471	82.24
igreja		igreja (Source: Dalgado)	گِرْجا 	girjā	गिरजा	noun	(Standard Urdu) IPA(key): /ɡɪɾ.d͡ʒɑː/	1. (Christianity) church  2. chapel	m.	گرجا	2,028	7.24
inglês	Englishman	inglês (Source: Dalgado)	اَن٘گْریز	aṅgrez	अँग्रेज़	noun	(Standard Urdu) IPA(key): /əŋ.ɡɾeːz/	1. Englishman; a Brit 2. chiefly historical) the British 3. (colloquial) white person 	m or f	انگریز	6,218	22.76
jogar		jogar (Source: Dalgado);  Sanskrit द्यूत  (Source: Wiktionary)	جواری	juārī	जुआरी	noun		gambler	m.	جواری	233	0.85
jogar		jogar (Source: Dalgado);  Sanskrit द्यूत  (Source: Wiktionary)	جوا	juā	जुआ	noun	(Standard Urdu) IPA(key): /d͡ʒʊ.ɑː/, /d͡ʒʊ.wɑː/, /d͡ʒuː.ɑː/	gambling	m.	جوا	1,845	6.75
leilão	leilão: ← A. (al) a'lām	leilão (Source: Dalgado)	نيلام	nī'lām' 	नीलाम	noun			m.	نيلام	0	0
mármore		mármore (Source: Dalgado); Persian مرمر  (Source: Wiktionary, McGregor)	مرمر	marmar	मरमर	noun			m.	مرمر	486	1.78
martelo		martelo (Source: Dalgado)	مارتول	mārtol	मारतौल	noun		1. hammer 2. screwdriver, turnscrew	m.	مارتول	0	0
mastro		mastro (Source: Dalgado)	مستول	mastaul 	मस्तूल	noun			m.	مستول	33	0.12
mês		mês (Source: Dalgado)	ماس کَبار		मास-कबार							
mestiço		mestiço (Source: Dalgado)	مَستِیسا		मस्तीसा							
mestre		mestre (Source: Dalgado)	مِستری	mistri	मिस्त्री	noun			m.	مستری	559	2.05
outubro	October	outubro (Source: Wiktionary);  English October (Source: McGregor)	اَکْتُوبَر	aktūbar	अक्तूबर	noun	(Standard Urdu) IPA(key): /ək.t̪uː.bəɾ/	October	m.	اکتوبر	22,398	81.97
padre		padre (Source: Dalgado)	پادری	pādrī	पादरी	noun	(Standard Urdu) IPA(key): /pɑːd̪.ɾiː/	(Christianity) clergyman; Christian priest  Synonym: ⁧فادر⁩ (fādar) &  (Christianity, historical) a missionary; Jesuit	m.	پادری	3,217	11.77
pão		pão (Source: Dalgado); Sanskrit पद्  (Source:McGregor)			पाव-रोटी							
papaia		papaia (Source: Dalgado); 	پپیتا	papitā	पपीता	noun			m. 	پپیتا	352	1.29
peru		peru (Source: Dalgado); Persian  پِیل مُرْغ (Source:Dasa)	پیرو	pīrū	पीरू	noun	(Standard Urdu) IPA(key): /piː.ɾuː/	turkey	m. 	پیرو	N	N
pipa		pipa (Source: Dalgado)	پیپا‎	pīpā	पीपा	noun		cask barrel canister	m. 		N	
pires		pires (Source: Dalgado); English press (Source: Wiktionary, McGregor)	پرچ	pirič	पिरिच	noun		saucer	m.	پرچ	38	0.14
pistola		pistola (Source: Dalgado); English pistol (Source: Dalgado)	پسطول	pistūl	मार्तोल	noun			m.		0	
polícia		? polícia (Source: Dalgado); English police (Source: D, McGregor)	پولس	pulis	पुलिस	noun	(Standard Urdu) IPA(key): /puː.lɪs/	police	m.	پولس	8,934	32.7
pompa			بمبہ	bamba	बंबा	noun	(Standard Urdu) IPA(key): /bəm.bᵊ/	1. pump; water pump 2. channel, narrow river, creek	m.		0	0
prato		prato (Source: Dalgado); Sanskrit पात्र (Source: Dasa) 	پرات	parāt	परात	noun			f.	پرات	30	0.11
querubim		querubim (Source: Dalgado)	کَرُوبِیم		करूबीम	noun				کَرُوبِیم	0	0
recibo		recibo (Source: Dalgado); Persian رسید (Source: McGregor)	رسید	rasīd	रसीद	noun	(Standard Urdu) IPA(key): /ɾə.siːd̪/	1. (law) bill, invoice  2. receipt (ie. confirmation)  3. clue, address, knowledge 4. response (to a question or statement/action) 		رسید	1,914	7
sabão		sabão (Source: Dalgado); A. ṣābun (Source: McGregor); Persian صابون (Source: Wiktionary)	صابن	sābun	साबुन	noun	(Standard Urdu) IPA(key): /sɑː.bʊn/	1. soap 2. washing powder (ie. for a washing machine etc.)	m.	صابن	1,632	5.97
sagu		? sagu (Source: Dalgado); Indonesian sagu (Source: McGregor)	ساگو	sāgū	सागू	noun			m.	ساگو	11	0.04
saia		saia (Source: Dalgado)	سايہ	 sā'yah	साया	noun		petticoat, underskirt	m.	سایہ⁩	0	0
setembro	September	setembro (Source: Wiktionary); English September (Source: McGregor)	ستمبر	sitambar	सितंबर	noun		September	m.		24,037	87.97
sorte		sorte (Source: Dalgado); Arabic شَرْط (Source: Wiktionary)	شرط	šart	शर्ती	noun	(Standard Urdu) IPA(key): /ʃəɾt̪/	1. condition, term 2. wager, bet 3. provision, wage	f.	شرط	N	N
tabaco		tabaco (Source: Dalgado); Persian تنباکو (Source: Wiktionary)	تنباکو	tanbâku	तंबाकू	noun			m.	تنباکو 	1,619	5.93
tambor		tambor (Source: Dalgado); Persian tambūra (Source: McGregor)	تنپورا	tanpūrā	तंबूरा	noun				تنپورا	0	0
toalha		toalha (Source: Dalgado); English towel (Source: McGregor)	تَولِیَہ⁩	tauliya	तौलिया	noun	(Standard Urdu) IPA(key): /t̪ɔː.lɪ.jə/, /t̪oː.lɪ.jə/	towel	m.	تولیہ	55	
toronja		toronja (Source: Dalgado); Persian turanj (Source: McGregor)	ترنج	tunaj	तुरंज	noun			m.	ترنج	38	0.14
tufão		? tufão (Source: Dalgado); Persian طوفان (Source: Wiktionary, McGregor)	طوفان	tūfān	तूफ़ान	noun	(Standard Urdu) IPA(key): /t̪uː.fɑːn/	storm & flood & deluge &  inundation & typhoon & hurricane	m.	طوفان	9,982	36.53
varanda	varanda; w. P. bar āmada 'come forth'	varanda (Source: Dalgado); Persian bar āmada 'come forth' (Source: McGregor)	 بَرَامْدَا‎	barāmdā	बरामदा	noun			m.	برامدا	0	
verruma		verruma (Source: Dalgado)	برما	baramā	बरमा	noun	(Standard Urdu) IPA(key): /bəɾ.mɑː/	(tool) drill, borer	m.	برما	4,930	18.04